{"stat.walkOneCm":414133,"stat.playerKills":6,"achievement.openInventory":41,"stat.leaveGame":4,"stat.damageTaken":11043,"stat.useItem.minecraft.diamond_sword":736,"stat.useItem.minecraft.potion":94,"stat.useItem.minecraft.golden_apple":48,"stat.flyOneCm":235503,"stat.useItem.minecraft.ender_pearl":38,"stat.deaths":4,"stat.jump":1173,"stat.playOneMinute":49646,"stat.fallOneCm":31075,"stat.useItem.minecraft.cooked_beef":3,"stat.damageDealt":67095,"stat.crouchOneCm":549,"stat.timeSinceDeath":14342,"stat.sprintOneCm":163616,"achievement.exploreAllBiomes":{"value":0,"progress":["Desert"]},"stat.breakItem.minecraft.diamond_helmet":1}