{"stat.walkOneCm":372070,"stat.playerKills":1,"stat.leaveGame":13,"stat.breakItem.minecraft.diamond_leggings":1,"stat.useItem.minecraft.diamond_sword":273,"stat.useItem.minecraft.potion":62,"stat.jump":951,"stat.fallOneCm":26534,"stat.breakItem.minecraft.diamond_chestplate":1,"stat.crouchOneCm":2583,"stat.sprintOneCm":222393,"achievement.exploreAllBiomes":{"value":0,"progress":["Desert"]},"stat.breakItem.minecraft.diamond_helmet":1,"achievement.openInventory":44,"stat.damageTaken":7040,"stat.breakItem.minecraft.diamond_boots":1,"stat.useItem.minecraft.golden_apple":19,"stat.flyOneCm":228932,"stat.useItem.minecraft.ender_pearl":12,"stat.deaths":8,"stat.drop":1,"stat.playOneMinute":55426,"stat.useItem.minecraft.cooked_beef":12,"stat.damageDealt":30530,"stat.timeSinceDeath":6373}