{"stat.useItem.minecraft.repeater":60,"stat.useItem.minecraft.quartz_stairs":8,"stat.leaveGame":22,"stat.breakItem.minecraft.diamond_leggings":1,"stat.useItem.minecraft.diamond_sword":1407,"stat.useItem.minecraft.potion":192,"stat.jump":7993,"stat.fallOneCm":209228,"stat.crouchOneCm":35333,"stat.useItem.minecraft.redstone_torch":21,"stat.useItem.minecraft.stone_button":21,"achievement.exploreAllBiomes":{"value":0,"progress":["Desert"]},"stat.useItem.minecraft.glass":4,"stat.useItem.minecraft.dispenser":1,"stat.useItem.minecraft.redstone_lamp":1,"stat.damageTaken":26567,"stat.useItem.minecraft.gold_block":2,"stat.dispenserInspected":2,"stat.flyOneCm":2805703,"stat.useItem.minecraft.ender_pearl":32,"stat.useItem.minecraft.cooked_beef":25,"stat.damageDealt":138930,"stat.timeSinceDeath":171352,"stat.useItem.minecraft.sign":1,"stat.useItem.minecraft.spawn_egg":4,"stat.useItem.minecraft.command_block":182,"stat.walkOneCm":2691146,"stat.playerKills":25,"stat.useItem.minecraft.lever":18,"stat.useItem.minecraft.comparator":12,"stat.useItem.minecraft.emerald_block":4,"stat.useItem.minecraft.redstone_block":1,"stat.useItem.minecraft.redstone":199,"stat.breakItem.minecraft.diamond_chestplate":1,"stat.useItem.minecraft.written_book":5,"stat.sprintOneCm":1530774,"stat.useItem.minecraft.diamond_block":16,"stat.breakItem.minecraft.diamond_helmet":2,"achievement.openInventory":272,"stat.useItem.minecraft.barrier":374,"stat.killEntity.Endermite":4,"stat.mobKills":8,"stat.breakItem.minecraft.diamond_boots":1,"stat.useItem.minecraft.golden_apple":70,"stat.deaths":34,"stat.drop":60,"stat.playOneMinute":852172,"stat.killEntity.Sheep":4,"stat.useItem.minecraft.sandstone":112}