{"stat.walkOneCm":49969,"stat.leaveGame":2,"stat.damageTaken":1100,"stat.useItem.minecraft.diamond_sword":42,"stat.useItem.minecraft.potion":7,"stat.useItem.minecraft.golden_apple":7,"stat.flyOneCm":30631,"stat.useItem.minecraft.ender_pearl":2,"stat.deaths":1,"stat.jump":101,"stat.playOneMinute":9811,"stat.fallOneCm":3343,"stat.useItem.minecraft.cooked_beef":1,"stat.damageDealt":3640,"stat.timeSinceDeath":958,"stat.sprintOneCm":23907,"achievement.exploreAllBiomes":{"value":0,"progress":["Desert"]}}