{"stat.walkOneCm":291574,"achievement.openInventory":22,"stat.leaveGame":2,"stat.damageTaken":4751,"stat.useItem.minecraft.diamond_sword":93,"stat.breakItem.minecraft.diamond_boots":1,"stat.useItem.minecraft.potion":23,"stat.useItem.minecraft.golden_apple":25,"stat.flyOneCm":91689,"stat.deaths":11,"stat.useItem.minecraft.ender_pearl":51,"stat.drop":57,"stat.jump":600,"stat.playOneMinute":32981,"stat.fallOneCm":12950,"stat.useItem.minecraft.cooked_beef":4,"stat.damageDealt":10950,"stat.crouchOneCm":87,"stat.timeSinceDeath":483,"stat.sprintOneCm":124601,"achievement.exploreAllBiomes":{"value":0,"progress":["Desert"]},"stat.breakItem.minecraft.diamond_helmet":1}